chapter,Grade/Topic,original_text,simplified_text,narrative_text,emotion,sound_effects,sound_annotations
1.Industrial Revolution,Beginning and Development of  the Industrial Revolution,"The industrial revolution began towards the latter part of the 18th century in Britain. It was limited to Britain for about another half century. Yet, by the 19th century, the influence of the industrial revolution spread to the other countries in Europe and the rest of the world. Trade was the major reason for the emergence of the industrial revolution in Europe. When the situation of Europe in the 18th century is analyzed, it can be seen that France, Portugal and Spain other than Britain engaged themselves in colonization and extensive trade. Therefore, it is important to inquire into the reasons why such a revolution began in Britain. ? Reasons for the Emergence of the Industrial Revolution in Britain Financial and commercial affairs started developing in Europe since the 16th century and by the 18th century, Britain had surpassed some of the other leading European countries such as Holland, France, Portugal and Spain. As a result a wealthy class who could invest money on industries was created in that country. At the same time, there was a rapid growth in the population of Britain which resulted in a high demand for goods and in turn producing goods to meet the increasing demand became a challenge. This led to a development in the industrial sector. Further, there was an expansion of the knowledge of science as a result of the Renaissance that took place in Europe in 14th and 15th centuries. This knowledge was used in producing - 1 new machinery. Minerals such as iron and steel that were necessary in producing machinery too were found in Britain. Not only that Britain easily found things like coal which played a major role in producing energy. T hough there was a heavy population in contemporary kingdoms such as France, the development of trade in those countries was limited in comparison to Britain. But, Britain had obstructed the commercial relationships of its colonies with other countries in the world by imposing several commercial laws. Thus, Britain was able to maintain a high demand for their productions in its own colonies because they had no other choice than importing those productions from Britain. Some of those products with high demand in Britain were suitable for the production using machines. One example is the high demand placed upon British cotton clothes by India. Though there was an increasing demand for British cotton clothes, they did not have the ability to increase the production within a short period with the existing production methods. Because of the high demand that existed for the British productions, there arose a need in increasing the production in a short period. It is as a solution to this challenge that there was a rapid development in the industrial f ield. T here were several changes in the agriculture field too in contemporary Britain. T here, the rich landowners combined small pieces of land that belonged to poor farmers and made large farms. This is termed as the “encroaching movement.” As a result of this, the farmers who lost their land migrated to cities in search of jobs. T he extra labour that was generated as a result was able to be used for the industrial development. Unlike in other countries, in Britain talented individuals had the opportunity to earn money irrespective of their social status. This free social environment in the attitudes supported the spread of novel ideas and it was conducive for the development of the industrial sector. Further, together with the development of the economy, the emergence of new banks and financial organizations that provided capital for the industries and businesses was seen. T he political stability that was prevailing in Britain too helped the industrial revolution. The parliament provided the freedom, tax relief and support to engage in business activities for the economic development. Compared with the other countries in Europe, Britain had the most conducive environment for the industrial revolution. A number of features such as being a small island, ability to build a web of markets throughout the country, ability to - 2 charge high prices for productions and London city being a centre that distributed raw materials, capital and products; helped Britain to surpass other countries in the industrial production field.","The Industrial Revolution began in Britain in the late 18th century and spread globally in the 19th century, driven by trade. Britain led due to: Wealthy merchant class investing in industry; population growth increasing demand; Renaissance scientific knowledge applied to machines; abundant coal,iron resources; colonial trade monopoly (high demand for British goods like cotton textiles in India); enclosure movement displacing farmers ? urban factory labor; social mobility encouraging innovation; stable politics,banks providing capital; island geography aiding internal markets,London hub.","In late 18th-century Britain, sparks flew—trade winds swelled sails, colonies craved cotton, population boomed. Wealthy merchants poured gold into invention; Renaissance minds forged machines from iron veins and coal hearts. Enclosures swept small farmers to smoky cities, feeding factory fires. Banks bloomed, parliament cheered freedom, London pulsed as empire’s heart. No rival matched: France war-torn, Spain distant—Britain’s island forged the world’s workshop. From hand loom to steam engine, a revolution roared, remaking life forever.",wonder,"clinking_coins, bustling_market, gentle_wind, chime","clinking_coins:trade|merchant|banks|capital;
bustling_market:demand|markets|London|goods;
gentle_wind:Britain|island|urban;
chime:Renaissance|coal|iron|innovation"
1.Industrial Revolution,Rise in Key Industries,"The industrial revolution in Britain was based on three industries as given below. ? Textile industry ? Iron and steel industry ? Coal industry T he development that occurred in these fields resulted in the gradual progress in other fields such as transport, communication and agriculture. ?Textile Industry Textile producers in Britain faced a challenge of increasing their textile products to meet the high demand that came from their own colonies. Weaving clothes became a little faster with the invention of the flying shuttle by John K. in 1733. But the slowness in preparing threads needed in weaving clothes still remained a problem. According to the situation that was there at that time, threads produced by six thread makers per day were enough only for one weaver to work for one day. Therefore, there was some idea of increasing the pace of spinning. As a result of that enthusiasm, a person called James Hargreaves produced a machine called ‘Jenny’ in 1764 for cotton weaving. T his machine was a manually operated one. Later in 1769, Richard Arkwright produced a more efficient, water powered spinning wheel. It was named as ‘water turbine’. Arkwright’s creation was an important production when compared to the other machines used for the same purpose in the past. But it was difficult to be used in houses because it was very big in size. On the other hand, because a fast tide of water was needed to run the machine, it could be used only in such places where there was a continuous supply of water. Samuel Crompton who used the functioning principles of Spinning Jenny and the Water Turbine produced a new machine called “Mule” around 1779. This helped to produce finer and stronger threads. Then around 1785, Edmund Cartwright found a way of running the ‘Mule’ by steam power. Thus, within a period of about 30 years new machines and novel technical methods were invented to make spinning cotton more efficient. Hence, there was a big revolution in the weaving industry during a short period of time. ?Iron and Steel Industry Ore deposits are found in abundance in Britain. British people produced iron and steel even before the industrial revolution to make weapons, agricultural equipment and household tools. They used firewood to smelt ore for this purpose. It was difficult to meet the huge demand for iron and steel needed for the production of machinery that emerged as a result of the industrial revolution using firewood. Hence, alternative methods had to be looked for. In 1730 the method of smelting ore using coal was found by Abraham Darby. They produced molded iron in this method. In 1784 tempered iron could be produced with the invention of 'Roller' machine by Henri Cort. Henri Bessemer found a new method to produce steel by removing dirt from iron in 1856. The invention of open oven method in 1860, by developing the above mentioned method, enabled the production of high quality steel. Steel could be produced cheaply and quickly in this method. Making an electric oven to smelt ore by Wilhelm Siemens in 1870 helped the improvement of iron and steel industry. These mew creations paved the way for a rapid improvement in iron and steel industry. ?Coal Industry T here are so many coal mines in Britain. South Wales, Yorkshire, Lancashire are some places where coal mines are situated. Coal was popular as a cheap and efficient fuel for smelting ore, running machines and household chores. Though the demand for coal increased with the industrial development, mining coal was difficult. Several new inventions were made in order to find solutions to the problems such as removing the water that gathered in the mine when it was dug deep, poisonous gases found in the depth, increasing heat and providing light to the depth. T homas Newcomen invented a steam engine in 1735 to pump water of the mines and artificially cool the air. Yet, it was inefficient and could not be used in other industries too. Therefore, James Watt developed this to a new steam engine in 1736. It was an efficient engine that could be used in many industries. T he problem of providing light to the mines too was solved when Humphry Davy produced the safety lamp in 1812. In 1839, a method was found to take coal out of the mines using iron cables instead of the old method of taking them out by women and children using copper cables. T he development of the coal industry resulted in several by products. Tar obtained by burning coal was used in road construction. Paints that were necessary in dyeing clothes too were made with the help of coal. It was further used to produce medicine, perfumes, oil and fertilizers.","Industrial Revolution in Britain centered on 3 industries: 1. Textile: Flying shuttle (John Kay 1733) sped weaving; Spinning Jenny (James Hargreaves 1764) for threads; Water frame (Richard Arkwright 1769) water-powered; Mule (Samuel Crompton 1779) finer threads; Steam power (Edmund Cartwright 1785). 2. Iron,Steel: Coal smelting (Abraham Darby 1730) for cast iron; Puddling,rolling (Henry Cort 1784) wrought iron; Bessemer process (Henry Bessemer 1856) cheap steel; Open-hearth (1860) high-quality steel; Electric arc furnace (William Siemens 1870). 3. Coal: Steam engine (Thomas Newcomen 1712, James Watt 1769 improved) for pumping,mining; Safety lamp (Humphry Davy 1815) for gas; Cable haulage (1839) replaced child labor. By-products: Tar (roads), dyes, chemicals. These fueled transport (railways), agriculture, communication.","In Britain’s misty mills, revolution roared—threads flew faster with Kay’s shuttle (1733), Hargreaves’ Jenny spun 8x more (1764), Arkwright’s water frame powered by rivers (1769), Crompton’s Mule wove dreams (1779), Cartwright harnessed steam (1785). Iron glowed—Darby’s coke smelted ore clean (1730), Cort’s rollers forged tough bars (1784), Bessemer blew steel cheap (1856), Siemens sparked electric furnaces (1870). Coal hearts beat—Newcomen,Watt’s engines pumped depths (1712,1769), Davy’s lamp lit safe (1815), cables hauled black gold (1839). Factories thrummed, rails snaked, ships steamed—textile clothed empires, iron built machines, coal fueled it all. A world reborn in smoke and steel.",wonder,"clanging_metal, coal_crackle, gentle_wind, chime","clanging_metal:Iron|Steel|cast iron|wrought iron|steel;
coal_crackle:Coal|Steam engine|mining|Safety lamp;
gentle_wind:Britain|industries|transport|agriculture;
chime:John Kay|James Watt|Bessemer process|Electric arc furnace"
1.Industrial Revolution,Expansion to Other Fields,"The industrial revolution that took place in the fields of textile, coal and iron industries in Britain soon spread into the other fields also... [full text on expansion to transport (Macadam roads, Stephenson locomotive 1814, Fulton steamboat 1807, Bell steamship 1811, Daimler car 1885, Wright aeroplane 1903), communication (Bell telephone 1876, Penny Post 1840, Morse telegraph 1844, Marconi radio 1895, Baird TV), agriculture (enclosures mega farms, crop rotation,line sowing Tull, Bakewell breeding, machinery, Guano,chemical fertilizers, storage,transport lowering prices)]","Industrial Revolution spread beyond textile,iron,coal: Transport: Macadam roads (1811 fast,heavy loads); Stephenson locomotive,railways (1814); Fulton steamboat (1807), Bell steamship (1811); Daimler car (1885); Wright aeroplane (1903). Communication: Bell telephone (1876 voice cables); Penny Post (1840 cheap letters); Morse telegraph (1844 coded messages); Marconi radio (1895 wireless); Baird TV. Agriculture: Enclosures ? mega farms; crop rotation,line sowing (Tull); selective breeding (Bakewell sheep); machinery (ploughs,seed drills); Guano (1800),chemical fertilizers; storage,rail transport ? cheaper products,higher demand.","From Britain’s roaring mills, revolution raced outward—Macadam roads gleaming under iron wheels, Stephenson’s 1814 locomotive thundering coal to markets, Fulton’s steamboats churning rivers (1807), Bell’s steamships crossing seas (1811), Daimler’s cars rumbling (1885), Wright brothers soaring skies (1903). Voices leaped cables with Bell’s telephone (1876), pennies carried letters nationwide (1840), Morse dots dashed instant news (1844), Marconi’s radio waves whispered across voids (1895), Baird’s television painted moving worlds. Fields bloomed anew—enclosures forged vast farms, Tull’s seed drills marched straight, Bakewell bred prize beasts, machines ploughed deep, Guano and chemicals fed hungry soil. Rails and warehouses turned abundance cheap, feeding cities, fueling empires. One spark lit transport, talk, tillage—world forever changed.",wonder,"horse_carriage, telegraph_beep, airplane_propeller, gentle_wind, chime","horse_carriage:Transport|roads|railways|car;
telegraph_beep:telephone|telegraph|radio|Post;
airplane_propeller:aeroplane|Wright;
gentle_wind:Agriculture|farms|storage;
chime:Stephenson|Fulton|Marconi|Guano"
1.Industrial Revolution,Expansion to Other Countries and Results,"The industrial revolution that began in Britain spread to the countries in the European continent also within a short period of time... [full text on spread to Europe (France,Germany,Belgium,Austria,Prussia roads,railways), America (post-independence), Japan (rapid late 19th–early 20th century), Asia (China,India,Sri Lanka by 20th century) making world ""global village""; results: Political (capitalism,laissez-faire Adam Smith, socialism,liberalism from labor struggles, neo-imperialism ? WWI); Economic (factory owners,middle class vs. wage workers, collapse self-sufficient ? import-export, multinational companies,banks); Social (urbanization,overcrowding poor facilities, class divide rich vs. poor workers long hours,child labor,slums,abuse, unions,laws for welfare, environmental pollution water,air).]"," Spread: Britain ? Europe (Germany,France,Belgium,Austria,Prussia railways,roads), USA (post-independence), Japan (late 19th–early 20th rapid), Asia (China,India,Sri Lanka 20th century) ? global village via transport,communication. Results: Political: Capitalism (laissez-faire Adam Smith), socialism,liberalism from labor struggles, neo-imperialism (raw materials,markets) ? WWI. Economic: Factory owners,middle class vs. wage workers; self-sufficient ? import-export; multinational companies,banks. Social: Urbanization,overcrowded slums poor sanitation; class divide (rich comfort vs. workers 12–14hr shifts,child labor,poverty,abuse); unions ? welfare laws; environmental pollution (water,air toxic).","Britain’s factory fires lit a global blaze—rails snaked across France, Germany, Belgium, Austria, Prussia; America forged steel post-independence; Japan leapt from samurai to smokestacks in decades; even China, India, Sri Lanka felt the heat by the 20th century. Transport and talk shrank the world to a humming village. Yet shadows lengthened: capitalism crowned factory lords (laissez-faire echoing Adam Smith), while workers toiled dawn-to-dusk, children in mines, slums choking cities. Unions rose roaring for rights, socialism kindled hope, liberalism demanded voice—clashes fueling wars for colonies (neo-imperialism igniting WWI). Rivers ran black with waste, skies gray with smoke—prosperity for few, poison for many. The machine age dawned glorious and grim, reshaping humanity forever.",mixed_wonder_awe,"bustling_city_crowd, protest_chant, polluted_river_flow, gentle_wind, chime","bustling_city_crowd:Urbanization|slums|overcrowded|city;
protest_chant:unions|labor|socialism;
polluted_river_flow:pollution|water|air;
gentle_wind:Europe|USA|Japan|Asia;
chime:Adam Smith|WWI|multinational"
1.Industrial Revolution,Effects on Sri Lanka,"How the industrial revolution that started in Britain spread throughout the world within a short time has been explained above. Although the industrialization that took place in Britain and other European countries did not take place in Sri Lanka in the 19th century, the effects of the industrial revolution could be identified from Sri Lanka too. The major reason for that is, Sri Lanka being a colony of Britain when industrial revolution started. British people came to Sri Lanka and started mega scale cultivations. Many factories were started in connection to thus started cultivations such as tea, coconut, rubber and machines were imported from Britain to be used in those factories. Important incidents of this period: • Starting of a mill to pound coffee by the governor, Fredric North in 1804 AD • Using machines for activities of tea factories such as drying, grading and exporting • Using machines to prepare rubber for exporting • Introduction of Macadam method to build roads in 1885 T here was a need for manpower for the estates and factories and the labour class was formed by the people who worked there for salary. Landowners and factory owners became the affluent class and they organized themselves separately as a wealthy, educated middle class. The capitalist economic system grew in Sri Lanka and import and export trade held a prominent place. The necessity of a banking system was felt in order to handle financial transactions between countries in import and export. So, banks were started in Sri Lanka. T he transport system had to be developed in order to carry the estate products to trade centres and the harbour in Colombo and supply necessities to estates. Up to this time transportation was done by means of carts. Because it was not so efficient, roads and railways were introduced. The Colombo - Kandy road was constructed during the time of the governor, Edward Barns. Thereafter, roads to Kandy were built from Kurunegala and Dambulla. After that, the system of constructing roads using stones and tar was started. Further, the wood bridges that existed over water ways were replaced by iron bridges. The governor, Henry Ward started laying railways. T he construction of the Kandy railway was started in 1858 and was completed in 1863. In August 1867, a train service was started from Colombo to Kandy for the f irst time. After that it was extended from Peradeniya to Nawalapitiya in 1871 and up to Bandarawela in 1899. With the development of roads and transportation, trade centres were started and they expanded to cities. Gampola, Badulla, Ratnapura and Matale are such cities beyond Colombo that were populated during this time. Sending messages was done through a messenger up to this time. An official postal system had been started by 1815 connecting the cities like Colombo, Trincomalee, Galle, Kandy and Jaffna. T his was carried out using chariots. Thus, running chariots was started for the first time in Asia, in Sri Lanka. The Sri Lanka’s first postal stamp was issued in 1857. By 1903, 340 post offices had been opened around the country. The telegram service was started in 1858.","Though no factories like Britain, Industrial Revolution impacted colonial Sri Lanka: British planted mega estates (coffee 1804 mill Governor North, tea,rubber,coconut); imported machines for processing,export. Created wage labor class + wealthy,educated middle class (planters); capitalist import-export economy; banks for trade. Transport: Macadam roads (1885), iron bridges, railways (Colombo-Kandy 1867, extended Bandarawela 1899) for estate products. New cities grew (Gampola,Badulla,Ratnapura,Matale). Communication: Postal system (1815 chariot post, first Asian; stamp 1857, 340 offices 1903); telegram (1858).","Britain’s mighty engines never roared in Sri Lanka’s soil, yet their echoes reshaped the island under colonial rule. Governors planted vast estates—coffee mills humming (1804 North), tea leaves whirling through imported dryers, rubber sheets pressed by steam. Machines from foggy England turned green hills into gold for empire, birthing wage workers toiling rows and a polished middle class of planters. Capitalism took root—exports flooded Colombo harbor, banks rose for distant deals. Macadam roads snaked hills (1885), iron bridges spanned rivers, rails sang from Colombo to misty Kandy (1867), pushing deeper to Bandarawela (1899). Towns swelled—Gampola, Badulla, Ratnapura, Matale—pulses of new trade. Chariots dashed post (1815, Asia’s first), stamps flew (1857), telegrams clicked (1858). From quiet villages to connected colony, Britain’s revolution remade Ceylon—prosperity for few, transformation for all.",transformative,"tea_processing_machine, horse_carriage, telegraph_beep, gentle_wind, chime","tea_processing_machine:coffee|tea|rubber|estate|processing;
horse_carriage:roads|railways|bridges|Colombo-Kandy;
telegraph_beep:Postal|telegram|stamp;
gentle_wind:Sri Lanka|cities|trade;
chime:Governor North|Bandarawela|Gampola"
2.Establishment of British Power in Sri Lanka,Arrival of British in Asia,"The English who noticed that the Portuguese and the Dutch people were earning a lot of profit from the trade activities in Asia, also paid their attention to Asia. As a result, a group of English businessmen established the East India Trade Company in December 1600, by a royal warrant obtained from Queen Elizabeth I to do trade activities in Asia. The first fleet of ships of this company had gone to Sumatra islands and started trade. Then, another fleet of ships came to India under William Hokins and conducted discussions about trade with the Mughal emperor, Jahangir. At the beginning of their visits to Asia, the English tried to tighten their trade relations with Southeast Asian region. There had been fights between the Portuguese and the Dutch to claim the trade power in Southeast Asia during the first two decades of the 17th century. At certain occasions, the English have given their assistance to the Dutch against the Portuguese. The Dutch never expected to see the English developing a power in Southeast Asian islands where spices grew well, although they obtained the help of the English to fight their common enemy, the Portuguese. Because of this, in 1623, the Dutch attacked a fortress in a spices island, Ambon and killed a group of English people living there. As the English did not have sufficient power in the region to retaliate the Dutch attack, they withdrew themselves from the southeast asian region. It seems that they completely focused their attention on India after that. It took more than 10 years for the English to establish trade relations with India though they tried it since 1607. As the English worked very tactfully in India, they were able to start trade centres in several areas such as Bombay, Calcutta and Madras by the latter part of the 17th century. Yet, the English had to compete with the French other than the Dutch to protect their trade because from 1664, the French also came to India and established trade centres in places like Pondicherry, Karikal and Chadranagar. A political battle began between the British and the French by the 18th century to establish their power in India.","English noticed Portuguese,Dutch profits in Asia ? formed East India Company (Dec 1600, Queen Elizabeth I charter). First fleet to Sumatra; William Hawkins to Mughal India (Jahangir). Early focus: Southeast Asia (spices). Allied with Dutch against Portuguese, but Dutch massacred English at Ambon (1623) ? English withdrew to India (post-1623). Trade centers: Bombay, Calcutta, Madras (late 17th century). Competed with French (1664 onward: Pondicherry etc.). 18th-century Anglo-French rivalry for India power.","In 1600, Queen Elizabeth I’s seal stamped a dream—English merchants banded into the East India Company, hungry for Asia’s riches. First ships kissed Sumatra’s shores, Hawkins bowed before Mughal Jahangir. They danced with Dutch against Portuguese, but betrayal struck—Ambon 1623, English blood on spice islands. Retreat to India: Bombay, Calcutta, Madras rose as trading forts. French sails followed (1664), Pondicherry gleamed—rivalry flared into 18th-century battles for India’s crown. From charter to conquest, Britain’s gaze turned eastward—trade became empire, profit became power.",ambitious,"ocean_waves, ship_creak, distant_cannon, market_chatter, gentle_wind, chime","ocean_waves:Asia|Sumatra|India;
ship_creak:fleet|Bombay|Madras;
distant_cannon:Portuguese|Dutch|French|rivalry;
market_chatter:Trade|spices|Calcutta;
gentle_wind:England|Southeast Asia|power;
chime:East India Company|Queen Elizabeth I|Ambon|Jahangir"
2.Establishment of British Power in Sri Lanka,British Focusing on Sri Lanka,"The English did not pay any attention to Sri Lanka for about a century after they came to India... [full text on delayed interest due to Portuguese,Dutch forts, renewed focus post-Mughal decline (18th century), two reasons: strategic location (near India,Bay of Bengal, Trincomalee harbor for ship repair,monsoon protection,naval dominance), high-quality cinnamon + other spices (pepper,cardamom,cloves,pearls,gems,ivory) monopoly desire. Diplomatic missions: John Pybus (1762 Keerthi Sri Rajasinghe), Hugh Boyd (1782 Rajadhirajasinghe), Robert Andrews (1795) after Trincomalee capture. Early missions failed (no anti-Dutch help); Andrews sought Kandyan alliance vs. Dutch but English kept gains.]","English ignored Sri Lanka ~100 years after India arrival (Dutch,Portuguese coastal forts). Interest grew 18th century (Mughal decline ? political power in India). Key reasons: 1. Strategic location (near India,Bay of Bengal; Trincomalee harbor for ship repair, monsoon shelter, naval control). 2. Cinnamon monopoly + spices (pepper,cardamom,cloves,pearls,gems,ivory). Diplomatic visits: John Pybus (1762), Hugh Boyd (1782) — trade focus, failed (no Dutch help). Robert Andrews (1795) after Trincomalee capture — sought Kandyan alliance vs. Dutch, but English kept conquests alone.","For a century, British eyes stayed on India—Dutch and Portuguese forts ringed Sri Lanka’s coasts like iron thorns. Mughal power faded in the 18th century; Britain’s grip tightened on the subcontinent. Then Sri Lanka gleamed: Trincomalee’s deep harbor—perfect shipyard, monsoon shield, naval throne over Bay of Bengal. Cinnamon’s golden scent drifted—best in world, plus pepper, gems, ivory. Kings of Kandy, weary of Dutch chains, sent pleas. John Pybus (1762) and Hugh Boyd (1782) came bearing trade promises, but offered no sword against the Dutch. Then 1795—British guns seized Trincomalee; Robert Andrews rode to Rajadhirajasinghe’s court. Alliance whispered against Dutch, yet when forts fell, Britain kept the prize, leaving Kandyan hopes on parchment. Strategic jewel, spice empire—Britain’s gaze turned hungry.",strategic,"ocean_waves, ship_cannon_fire, distant_horns, gentle_wind, temple_bells, chime","ocean_waves: Sri Lanka|Trincomalee|coast|harbor;
ship_cannon_fire: English|Dutch|Portuguese|conquests;
distant_horns: diplomacy|John Pybus|Hugh Boyd|Robert Andrews;
gentle_wind: 18th century|Mughal decline|trade;
temple_bells: Kandyan alliance|local kingdoms;
chime: spices|cinnamon|pepper|cardamom|cloves|pearls|gems|ivory"
2.Establishment of British Power in Sri Lanka,British Conquest,"Three distinguished stages can be seen in the colonization of Sri Lanka by the British... [full text on three stages: 1796 coastal capture by East India Company; 1802 coastal areas become British Crown colony; 1815 hill country conquest. Coastal takeover (1796) via Kew Letter (Dutch governor allows entry to block French); Trincomalee first, then Batticaloa,Jaffna,Colombo,Galle. Madras-style administration 1796–1798 (Resident,collectors,Kachcheri,Avumildars from Madras, ignoring locals). 1797 rebellion (new taxes e.g. coconut tree tax) suppressed ? Meuron Commission proposals (local officers, remove taxes, separate revenue,judiciary). Dual administration 1798–1802 (Governor Frederick North + Company revenue). 1802 Crown colony. Hill conquest: 1803 invasion fails (epidemics,supply issues, puppet Muttusami captured). Maitland,D’Oyly strategy (D’Oyly learns culture, wins aristocrats). 1815 invasion: Sri Wickrama Rajasinghe’s cruelty (Ehalepola massacre) alienates people,aristocrats,monks. Brownrigg exploits discontent, people don’t resist. King captured Feb 18, 1815. Kandyan Convention (March 2,10, 1815) signed with chiefs: King deposed, British sovereignty, protect Buddhism,customs,aristocrats. D’Oyly Resident. Full British rule.]","British colonization stages: 1. 1796 coastal capture (Kew Letter allows entry vs. French; Trincomalee first, then others). 2. 1802 Crown colony (after dual admin failure). 3. 1815 hill conquest (1803 fails; D’Oyly diplomacy; 1815 succeeds due to king’s alienation of chiefs,people). 1796–1798 Madras rule (Resident,collectors,Kachcheri). 1797 rebellion (coconut tax). 1798–1802 dual system (North + Company). 1815 Kandyan Convention: King deposed, British rule, Buddhism,customs protected.","Winds of empire shifted in 1796—British guns seized Trincomalee, Kew Letter opening Dutch gates against French shadow. Forts fell like dominoes: Batticaloa, Jaffna, Colombo, Galle—coasts bowed. Madras men ruled, taxes stung (coconut trees bled silver), rebellion flared 1797. North’s dual crown faltered, 1802 made island Crown jewel. Hill country stood defiant—1803 invasion drowned in rain and fever. Maitland and D’Oyly wove quiet webs: D’Oyly mastered Sinhala heart, won chiefs. Sri Wickrama’s cruelty—Ehalepola’s family butchered—cracked loyalty. 1815: Brownrigg marched, people stood aside. King captured February 18. March 2, chiefs signed Kandyan Convention—monarchy ended, British sovereignty rose, Buddhism promised protection. From sea to hill, Sri Lanka’s ancient crown passed to distant throne.",somber,"ocean_waves, cannon_fire, distant_war_drums, temple_bells_fading, gentle_wind, chime","ocean_waves: coastal capture|Trincomalee|harbors|forts;
cannon_fire: British|French|battle|1796 coastal;
distant_war_drums: rebellion|tax protest|local resistance;
temple_bells_fading: Kandyan hills|Buddhism|ceremonial protection;
gentle_wind: diplomacy|D’Oyly|alienation|dual system;
chime: customs|king deposed|colonial administration"
2.Establishment of British Power in Sri Lanka,Protests against Foreign Domination,"Although the people of the upcountry could escape the obstinate ruling of King Sri Wickrama Rajasinghe with the arrival of the British to the hill country in 1815, they did not have any partiality to the administration system that continued thereafter... [full text on 1818 struggle (reasons: loss of king,freedom, religion,culture attacks, aristocrat grievances, Doresami,Kappetipola leadership, British suppression,martial law, failure due to retaliation,weapon shortage,disorganization,false heir, effects: aristocrat punishment,rewards, British power consolidation 1818 proclamation); 1848 struggle (Colebrooke reforms effects: land policy,encroachment, Gam Sabha decline, judiciary distance, new taxes (guns,body,dogs,stamps), protests in Colombo,Kandy,Badulla,Matale, leaders Gongalegoda Banda,Puran Appu,Dingirala,Diyes, failure due to disorganization,British power, Torrington suppression, committee reforms, tax revisions, attention to Buddhism,farmers).]","1818 Uprising (Sept 1817–Oct 1818): Reasons—loss of king,freedom, religion,culture threats, aristocrat attacks (e.g., kadwath badda tax cut, Hajji Marikkar appointment). Leaders: Doresami (false heir), Kappetipola, Madugalle, Pilimathalawwe. British response: martial law, village burning, executions (Kappetipola,Madugalle Nov 1818). Failure: British retaliation, disorganization, false heir exposure. Effects: Aristocrats punished,rewarded, 1818 proclamation strengthened British power. 1848 Uprising: Colebrooke reforms (land confiscation, Gam Sabha decline, distant judiciary, new taxes: guns,body,dogs,stamps,shop). Protests in Colombo,Kandy,Badulla,Matale; leaders Gongalegoda Banda (crowned Dambulla), Puran Appu. Suppression: Torrington martial law. Failure: disorganization,British military. Reforms: tax revisions, Buddhism,farmer attention.","In 1815, British boots marched into Kandy—Sri Wickrama fell, yet freedom’s flame flickered on. By 1818, upcountry hearts burned: no king in sight, temples threatened, chiefs stripped of honor. Doresami rose, Kappetipola turned coat, rebels crowned a shadow king. British iron crushed—villages aflame, Kappetipola’s head rolled November 26. Aristocrats bled or bowed; 1818 edict tightened the Crown’s grip. Thirty years later, 1848—Colebrooke’s reforms stole land, silenced Gam Sabhas, burdened guns, bodies, dogs with tax. Colombo streets roared, Kandy rose, Matale crowned Gongalegoda Banda. Torrington’s guns answered—rebellion drowned in blood. Taxes eased, Buddhism noticed, yet the wound of lost sovereignty never healed. Two uprisings—brief, brave, broken—whispers of a nation refusing chains.",defiant,"war_drums, clashing_swords, distant_cannon, temple_bells_fading, angry_crowd_chant, gentle_wind, chime","war_drums: 1818 uprising|1848 rebellion|martial law|protests;
clashing_swords: battles|resistance|British-soldier combat;
distant_cannon: colonial military response|fort bombardment;
temple_bells_fading: cultural threat|Buddhism|religious tension;
angry_crowd_chant: rebellions|protests|folk leaders;
gentle_wind: countryside|village burning|movement of troops;
chime: proclamations|British authority|post-uprising reforms"
3.National Renaissance in  Sri Lanka,Background of the National Renaissance,"The Europeans tried to spread their religion and culture in the areas they conquered in Asia in order that they have a loyal group of people in those countries. When the Portuguese and the Dutch governed the coastal regions of the country, they had to restrict their religious and cultural activities to the areas they governed, because there was an independent kingdom in the upcountry. Doors opened for the western culture to spread under the British reign throughout the country, with the submission of the upcountry. ? Activities of Missionary Organizations Several foreign organizations that came to Sri Lanka during the British reign started spreading Catholicism in the country. They are called as missionary organizations. Given below are some such missionary organizations that came to this country from 1804 to 1818. These missionary group members engaged themselves in activities of spreading religion in different areas of the country. Baptists functioned from Colombo. Wesleyans worked in the North and the East. The American missionary organization worked in the North including Jaffna. Church missionaries functioned in Colombo, Galle, Kalpitiya, Mannar and Kandy. They used the three methods; writing, preaching and education in spreading their religions. ? Using the Written Medium The missionary organizations that came to Sri Lanka possessed funds and organizational ability to establish publishers for printing of books and magazines. The missionary priests studied the native languages such as Sinhalese and Tamil to overcome a major problem they had, i. e. inability to use native languages. Later, they started to translate the Bible into Sinhalese and print and distribute books, newspapers and magazines. Some such publications were; ? Preaching and Education T he missionary priests did preaching in temples and public places for the perpetuation of their religions. At the same time they dedicated to starting and conducting schools. In schools maintained by the missionaries a prominent place was given to spread the religion. The government assistance was given to missionary education. English knowledge was necessary to get a government post during the English reign. Therefore, the Sinhalese and Tamil children had to attend the missionary schools to get English knowledge.","British conquest (1815) opened entire island to Western influence (previously limited to coasts by Kandyan independence). Missionary groups (1804–1818) spread Christianity: Baptists (Colombo), Wesleyans (North,East), American Mission (Jaffna,North), Church Mission (Colombo,Galle,Kalpitiya,Mannar,Kandy). Methods: 1. Writing: Learned Sinhala,Tamil, translated Bible, printed books,magazines,newspapers. 2. Preaching: Sermons in temples,public places. 3. Education: Mission schools emphasized Christianity + English (key for government jobs), aided by colonial government.","When Kandyan hills finally fell in 1815, doors long barred swung wide—British rule let Western winds sweep the entire island. Missionaries arrived like gentle tides: Baptists in Colombo’s streets, Wesleyans in northern plains, Americans in Jaffna’s temples, Church missions threading Galle to Kandy. They spoke Sinhala and Tamil learned from monks, translated sacred texts into island tongues, printed Bibles and tracts that flowed like rivers. Voices rose in public squares and quiet shrines, preaching new faith. Schools bloomed—English lessons opening doors to colonial jobs, yet laced with Christian hymns. A quiet conquest of hearts and minds began, reshaping culture under distant crowns.",reflective,"soft_chant, printing_press_clank, gentle_wind_through_trees, distant_temple_bells, ocean_waves, chime","soft_chant: Christian hymns|sermons|prayer gatherings;
printing_press_clank: Bible translations|books|newspapers;
gentle_wind_through_trees: rural mission settings|temples|villages;
distant_temple_bells: cultural backdrop|traditional religion presence;
ocean_waves: coastal mission towns|arrival of missionaries;
chime: education|literacy|spread of Christianity"
3.National Renaissance in  Sri Lanka,Buddhist Renaissance,"There was a necessity of replying to what the missionaries said about traditional religions... [full text on Buddhist response to missionaries (criticism of statue worship), need for native language education; Parama Dhamma Chethiya Pirivena (Walane Siddhartha), Vidyodaya (Hikkaduwe Sumangala 1873), Vidyalankara (Ratmalane Dhammaloka 1875); publishers (Lankopakara 1862 Galle, others); magazines,newspapers (Lakmini Pahana, Sarasavi Sandaresa etc.); public debates (Migettuwatte Gunananda, Five Great Debates 1865–1873, Panadura 1873 ? Olcott); Buddhist schools (Olcott,Colombo Buddhist Theosophical Society 1880, Ananda,Dharmaraja,Mahinda etc.); Vesak holiday,Buddhist flag; patriotism,nationalism (Dharmapala,Harischandra,Sirisena,De Silva); protection of sacred places (Anuradhapura,Polonnaruwa, Ruwanweli Seya ~1870); temperance movement (against alcohol via preaching,novels,drama).]","Buddhist response to missionaries (statue worship criticism, native language education need): Pirivenas (Parama Dhamma Chethiya, Vidyodaya 1873, Vidyalankara 1875) ? educated monks,lay scholars. Publishers (Lankopakara 1862) ? magazines (Sarasavi Sandaresa etc.). Debates: Migettuwatte Gunananda led Five Great Debates (Baddegama 1865–Panadura 1873); Panadura influenced Olcott. Buddhist schools via Olcott,Theosophical Society 1880 (Ananda,Dharmaraja,Mahinda etc.). Vesak holiday,Buddhist flag. Patriotism: Dharmapala,Harischandra,Sirisena,De Silva via media. Sacred site protection (Anuradhapura,Polonnaruwa,Ruwanweli). Temperance: anti-alcohol via preaching,novels (Sirisena),drama (De Silva).","When missionaries mocked statues and flooded schools with English and Christ, Buddhist monks answered with fire. Walane Siddhartha lit Parama Dhamma Chethiya; Hikkaduwe Sumangala raised Vidyodaya (1873), Ratmalane Dhammaloka lifted Vidyalankara (1875)—pirivenas forging scholars who cherished Pali, Sinhala, Sanskrit. Presses rolled: Lankopakara (1862) birthed Sarasavi Sandaresa, Lakmini Pahana—words countering tracts. Gunananda thundered in Five Great Debates (1865–1873), Panadura’s echo reaching Olcott across oceans. Schools bloomed—Ananda, Dharmaraja, Mahinda—English for jobs, yet Buddhist heart. Vesak dawned holiday; flag fluttered five colors. Dharmapala preached pride, Harischandra guarded ruins, Sirisena wove novels, De Silva staged temperance. Anuradhapura stirred from jungle sleep, Ruwanweli rose renewed. From quiet pirivenas to roaring debates, a renaissance awoke—defending dharma, reclaiming soul.",revival,"temple_bells, printing_press_clank, passionate_debate_chant, gentle_wind_through_leaves, soft_chant, chime","temple_bells: sacred rituals|Vesak celebrations|monasteries;
printing_press_clank: Buddhist magazines|books|educational materials;
passionate_debate_chant: Five Great Debates|public lectures|monastic discourse;
gentle_wind_through_leaves: village schools|pirivenas|outdoor assemblies;
soft_chant: meditation|ritual prayers|morning recitations;
chime: education milestones|cultural revival|festivals"
3.National Renaissance in  Sri Lanka,Hindu Religious Renaissance,"There was a religious and a cultural renaissance among the Hindus of this country due to the challenge created to Hinduism as a result of the perpetuation of missionaries... [full text on Arumuga Navalar leading Hindu response: missionary school background, presses (‘Udayabhanu’ newspaper), Tamil textbooks, translations (Periya Puranam, Skandha Puranam), Wannaponai Shaiwa Prakasha College (1849), later schools (Shiwangala,Hindu Vidyalaya 1872); successors Sir Ponnambalam Ramanathan (voiced for Buddhists 1915) & Ponnambalam Arunachalam (Sri Lanka National Congress 1919 with Sinhalese).]","Hindu renaissance led by Arumuga Navalar (missionary-educated, anti-Christian preacher): Started press,newspaper (‘Udayabhanu’), wrote,translated Tamil textbooks,Puranas, founded Wannaponai Shaiwa Prakasha College (1849) for Hindu culture education. Later: Shiwangala,Hindu Vidyalaya (1872). Successors: Ponnambalam Ramanathan (supported Buddhists 1915), Ponnambalam Arunachalam (co-founded National Congress 1919 with Sinhalese for political rights).","When missionaries challenged Hindu traditions, a powerful voice rose from Jaffna—Arumuga Navalar. Schooled in their halls yet fiercely loyal to Shaivism, he turned their tools against them: presses hummed with ‘Udayabhanu’, Tamil textbooks flowed, Periya Puranam and Skandha Puranam shone anew. In 1849, Wannaponai Shaiwa Prakasha College opened doors to Hindu learning, shielding youth from foreign sway. Shiwangala followed (1872), growing into Hindu Vidyalaya. After Navalar’s passing, giants carried the flame—Sir Ponnambalam Ramanathan spoke for Buddhists in 1915’s dark hour; Ponnambalam Arunachalam joined Sinhalese leaders to birth Sri Lanka National Congress (1919), forging unity for rights. From Jaffna’s temples to island-wide awakening, Hindu renaissance guarded dharma, bridged faiths, and helped birth a shared national dream.",revival,"soft_tamil_chant, printing_press_clank, temple_bells, gentle_wind_through_palms, distant_conch_shell, chime","soft_tamil_chant: temple rituals|prayers|recitations;
printing_press_clank: newspapers|textbooks|literary publications;
temple_bells: Shiva, Vishnu rituals|festivals|college ceremonies;
gentle_wind_through_palms: school grounds|college courtyards|village temples;
distant_conch_shell: temple processions|religious announcements;
chime: cultural education|festivals|ritual observances"
3.National Renaissance in  Sri Lanka,Islamic Renaissance,"In parallel to the Buddhist and Hindu renaissance there was an Islamic renaissance among the Muslims too. In the same way Arumuga Navalar led the Hindu renaissance, M.C. Siddhi Lebbe took leadership in generating enthusiasm in the minds of Muslims to protect the Islamic religion and culture. He who was an Islamic devotee that came to Sri Lanka from Egypt in 1883, dedicated to make the Arabic Islamic renaissance a success. ? Mr. Siddhi Lebbe Mr Siddhi Lebbe’s prime goal was to create an interest among Muslims for education and encourage them to study English and Arabic languages. A newspaper called ‘Muslim Nevisian” was started in 1882 under his guidance. Then, the Colombo Zahira College was established for Muslim children under Mr. Siddhi Lebbe’s guidance. Then he started an organization called “Muslim Academic Club” for the continuation of the education of Muslim people. Islamic schools called “Madrasa” were restructured to meet the new needs of education. After Mr. Siddhi Lebbe, Mr. T.B. Jayah dedicated to continue the interest of Muslims for education. As the principal of Colombo Sahira College, he developed the school a lot. He rendered a yeomen service as a politician and by pioneering to start schools for Muslims around the country too.","Islamic renaissance paralleled Buddhist,Hindu movements. M.C. Siddhi Lebbe (from Egypt 1883) led: promoted English + Arabic education, started ‘Muslim Nesan’ newspaper (1882), founded Zahira College Colombo, established Muslim Academic Club, restructured madrasas. Later T.B. Jayah (principal Zahira) expanded schools island-wide, served as politician.","When missionary voices challenged faiths across the island, Muslims too answered with quiet strength. From Egypt’s sands came M.C. Siddhi Lebbe in 1883—devout, determined, lighting a renaissance in Ceylon’s Muslim heart. He urged English for progress, Arabic for roots; ‘Muslim Nesan’ newspaper carried his call from 1882. Zahira College rose in Colombo—beacon for Muslim youth. Muslim Academic Club nurtured lifelong learning; madrasas renewed, blending old wisdom with new needs. After Siddhi Lebbe, T.B. Jayah lifted Zahira higher, opened schools far and wide, and stepped into politics to guard his people’s future. In quiet classrooms and bold pages, Islamic culture stood firm—educated, proud, enduring.",revival,"printing_press_clank, gentle_wind_through_palms, children_reciting, distant_mosque_bell, chime","printing_press_clank: newspapers|educational texts|literacy campaigns;
gentle_wind_through_palms: school courtyards|community spaces|study areas;
children_reciting: madrasa lessons|Zahira College classrooms|Arabic literacy;
distant_mosque_bell: communal calls|festival announcements;
chime: cultural progress|academic milestones"
4. Political Changes in Sri Lanka under the British,Colebrooke Reforms of 1833,"When the British governors ruled the country after 1815, the expenditure exceeded the income of the government... [full text on Colebrooke (1829) & Cameron (1830) commissions due to financial burden; 1833 reforms: Executive & Legislative Councils (15 members: 9 official, 6 unofficial by ethnicity—Sinhala,Tamil,Burgher,European), nationalist representation issues; combined up,low country rule; 5 provinces; repeal compulsory service; end government trade monopoly. Executive Council limited governor’s financial power. European struggles (1865 Lanka Congress,George Wall) ? unofficial members increased to 8 (added upcountry Sinhala & Muslim).]","Colebrooke (1829) & Cameron (1830) commissions addressed financial deficit post-1815. 1833 reforms: 1. Executive Council (advised governor on finance). 2. Legislative Council (15 members: 9 official, 6 unofficial by ethnicity—limited power due to governor appointments,official majority). 3. Unified up,low country administration. 4. 5 provinces. 5. Abolished compulsory service (rajakariya). 6. Ended government trade monopoly. European pressure (Lanka Congress 1865) increased unofficial members to 8 (added upcountry Sinhala & Muslim).","In 1829, Britain’s treasury groaned—Sri Lanka’s costs outran revenue. Colebrooke arrived to probe, Cameron to weigh the law. Their 1833 reforms reshaped the island: executive council reined the governor’s purse, legislative council gave voice—yet tilted, with 9 officials and 6 appointed by ethnicity, Sinhala, Tamil, Burgher, European voices whispering minority truths. Upcountry and lowlands fused under one crown; five provinces carved the land; rajakariya service chains fell away; government monopolies crumbled. Europeans, hungry for roads and rails, pressed first—Lanka Congress (1865) won two more seats for upcountry Sinhala and Muslim. A system born of economy, not equality—yet it cracked open doors for future cries of self-rule.",reflective,"distant_ocean_waves, quill_on_paper, gentle_wind, chime","distant_ocean_waves: colonial island setting|coastal administration offices|maritime trade context;
quill_on_paper: drafting laws|official reports|financial records;
gentle_wind: serene yet bureaucratic environment|administrative chambers;
chime: institutional milestones|abolition of rajakariya|administrative modernization"
4. Political Changes in Sri Lanka under the British,1910 Reforms and Background,"Demands of the Sri Lankan Middle Class During the 19th century a significant change occurred in the economy and the society due to the Colebrooke reforms... [full text on middle class demands 1908–1909 (James Peiris petition, Low Country Products Association,Chilaw,Jaffna Clubs): increase unofficial members, end nationalist representation, provincial elections, more Legislative Council power. McCallum opposed. 1910 Crew-McCallum Constitution (1912): Legislative Council 21 members (11 official, 10 unofficial: 6 nominated by ethnicity, 4 elected limited franchise—2 Europeans, 1 Burgher, 1 educated Ceylonese). Ponnambalam Ramanathan elected educated member 1912. Temperance Movement 1912–1915 (protest new excise ordinance,toddy bars; middle class + religious activists; protests vs. government; suppression 1915 riots; leaders F.R.,D.S. Senanayake,D.B. Jayatilaka entered politics). Indian Nationalist influence (Gandhi,Nehru visits, Swarajya inspiration ? organized protests post-1915). Ceylon National Congress (Dec 1919, Ponnambalam Arunachalam president) united ethnic groups for political power. Manning Reforms 1920: Legislative Council 37 (14 official, 23 unofficial: 7 nominated, 16 elected provincial). Continued governor power. 1924 Manning-Devonshire Reforms: 49 members (12 official, 37 unofficial: 8 nominated, 29 elected). Elected majority, but governor still controlled; dual power,responsibility issues ? Donoughmore Commission.]","Middle class demands (1908–1909): more unofficial members, end ethnic representation, provincial elections, stronger Legislative Council (James Peiris petition, clubs). 1910 Crew-McCallum Constitution (1912): 21-member Legislative Council (11 official, 10 unofficial: 6 nominated ethnicity, 4 elected limited—2 Europeans, 1 Burgher, 1 educated Ceylonese; Ponnambalam Ramanathan elected). Temperance Movement 1912–1915: protest excise policy,toddy bars; middle class + religious activists; suppressed 1915 riots; leaders (Senanayakes,Jayatilaka) entered politics. Indian influence (Gandhi,Nehru visits) ? organized protests. Ceylon National Congress (1919, Arunachalam president) united ethnic groups. Manning 1920: 37 members (14 official, 23 unofficial: 7 nominated, 16 elected provincial). 1924 Manning-Devonshire: 49 members (12 official, 37 unofficial: 8 nominated, 29 elected). Elected majority, but governor power remained; dual issues ? Donoughmore Commission.","By 1908, Sri Lanka’s rising middle class—planters, professionals, traders—grew restless. Colebrooke’s 1833 reforms had remade economy and society, yet politics stayed frozen. James Peiris petitioned London for more seats, elections, real power. Clubs rallied—Low Country, Chilaw, Jaffna. Governor McCallum resisted, but 1910 brought Crew-McCallum Constitution: 21-member council, 10 unofficial (6 nominated by ethnicity, 4 elected on limited franchise). Ponnambalam Ramanathan won educated Ceylonese seat. Temperance flared 1912—new toddy taxes sparked protests, middle class and monks united, until 1915 riots gave pretext for suppression. Gandhi’s 1927 visit, Indian Swarajya echoed—protests grew organized. December 1919: Ceylon National Congress born, Arunachalam leading Sinhala, Tamil, Muslim voices together. Manning 1920 added seats, 1924 gave elected majority—yet governor held reins. Dual power stumbled; Donoughmore loomed. From petition to congress, a nation slowly claimed its voice.",hopeful,"crowd_protest_chant, temple_bells, gentle_wind, chime","crowd_protest_chant: temperance rallies|public demonstrations|political mobilization;
temple_bells: cultural/religious backdrop|ethical authority in civic life;
gentle_wind: colonial administrative environment|parked council chambers;
chime: milestones in constitutional evolution|achievement of elected majority"
4. Political Changes in Sri Lanka under the British,Donoughmore Constitution 1931,"The Donoughmore Commission which was headed by Lord Donoughmore came to Sri Lanka in 1927 and got the views of the Sri Lankans... [full text on Donoughmore Commission 1927 ? 1931 Constitution: State Council 61 members; universal adult franchise (21+ males,females, no wealth,education qualification); Executive Committee system (7 committees,ministers: Home, Agriculture, Local Admin, Health, Education, Transport, Labour,Industry,Commerce); governor retained external affairs, finance, law portfolios; reduced governor power but officials controlled key areas. 1912 limited franchise ? 4% voters; 1931 universal franchise victory. Cabinet projects: agricultural villages, free education.]","Donoughmore Commission (1927) ? 1931 Constitution (effective 1931): State Council (61 members); universal adult franchise (all 21+ males,females, no property,education requirement—major victory). Executive Committee system: Council divided into 7 committees (Home Affairs, Agriculture, Local Admin, Health, Education, Transport,Common Works, Labour,Industry,Commerce); chairpersons became ministers. Governor retained external affairs, finance, law; reduced power but officials controlled key portfolios. Cabinet launched beneficial projects (agricultural villages, free education).","In 1927, Lord Donoughmore’s commission sailed to Ceylon, listening to voices long ignored. By 1931, a new dawn: universal franchise—every man and woman over 21 could vote, no wealth, no education gatekeeping. State Council rose with 61 voices; seven committees carved power—Home Affairs, Agriculture, Health, Education, Transport, Labour, Local Admin—each chaired by a minister chosen from within. Governor’s grip loosened on daily rule, though he still held finance, law, defense. Free education bloomed, villages rebuilt, the island tasted real responsibility. From petitions to polling booths, Sri Lankans stepped toward self-rule—one vote, one voice, one giant stride.",hopeful," crowd_cheering, gentle_wind, temple_bells, soft_conch_shell, chime","crowd_cheering: public celebration|awareness of franchise|social empowerment;
gentle_wind: colonial-era council chambers|tranquil administrative setting;
temple_bells: cultural continuity|ethics, tradition amidst reform;
soft_conch_shell: ceremonial openings|committee inaugurations|public announcements;
chime: milestones in democracy|adult franchise victory"
4. Political Changes in Sri Lanka under the British,Protests for Independence & Donoughmore to Soulbury,"Though the Sri Lankans could enjoy some power in Donoughmore constitution, still the state officials held the power over a major area of administration... [full text on Donoughmore dissatisfaction ? protests for governor power reduction,Sri Lankan control of portfolios; Suriyamal Movement (vs. Poppy Day, LSSP leaders N.M. Perera,Colvin R. de Silva, sunflowers for local poor vs. poppies for British war funds, anti-imperial symbol); WWII 1939 support conditional on reforms, Defence Bureau (D.S. Senanayake); ministers drafted 1944 constitution (parliamentary system, internal affairs to Sri Lankans); Ceylon National Congress united push; Soulbury Commission 1944 ? 1945 report (parliamentary system, similar to ministers’ draft); State Council approved Nov 1945 (details in Unit Six).]","Donoughmore (1931) gave some power but officials retained key portfolios ? protests (State Council,ministers) for full control. Suriyamal Movement (1930s): LSSP (N.M. Perera, Colvin R. de Silva) countered Poppy Day (WW1 veteran funds to Britain) with sunflowers for local poor—symbol of independence vs. imperialism. WWII 1939: ministers supported Britain conditionally for reforms; Defence Bureau (D.S. Senanayake). 1944 ministers’ draft: parliamentary system, internal affairs to Sri Lankans. National Congress pushed. Soulbury Commission 1944 ? 1945 report (parliamentary system); State Council approved Nov 1945.","Under Donoughmore’s half-measure, Sri Lankans tasted power—but officials still clutched finance, defense, law. From 1931, State Council and ministers pressed: “Give us the keys.” Marxists lit a different fire—Suriyamal Movement rose against Poppy Day’s imperial tribute. November 11: poppies sold for Britain’s war widows; sunflowers countered, coins for Ceylon’s poor. N.M. Perera, Colvin de Silva turned flower stalls into anti-colonial pulpits—slavery’s red vs. freedom’s gold. WWII 1939: ministers backed Britain, but bargained—reforms for loyalty. Defence Bureau seated D.S. Senanayake. 1944 draft constitution: parliament, Sri Lankan hands on internal rule. National Congress echoed the call. Soulbury Commission 1944 listened, 1945 reported—parliamentary path charted. November 1945, State Council voted yes. Step by step, petition by protest, flower by flower—independence drew near.",determined,"protest_chant, crowd_cheering, gentle_wind_through_flowers, distant_war_horns, temple_bells, chime","protest_chant: State Council members and citizens|demanding ministerial control|public political activism;
crowd_cheering: Sunflower protests|popular support for Suriyamal movement|nationalist excitement;
gentle_wind_through_flowers: symbolic sunflowers|peaceful defiance|cultural imagery;
distant_war_horns: WWII backdrop|colonial military presence|global tension;
temple_bells: continuity of faith and tradition amidst political change;
chime: milestones toward parliamentary independence|Soulbury approval"
5. Social Changes in Sri Lanka   under the British,Economic Changes,"The foundation of Sri Lanka's traditional social, economic and cultural systems runs back to the Anuradapura era... [full text on traditional self-sufficient village economy (Aththama mutual help, Gamsabha, compulsory service,rajakariya); Colebrooke reforms (1833): land sales policy, civil servants in estates, abolish rajakariya ? wage labor class; end government monopoly (cinnamon,salt); direct ? indirect taxes (e.g. boat permits, uniform cash land tax); savings bank. Plantation development: Coffee boom (1833–1840s, high demand,profit, Indian labor, Barnes tax cuts); leaf disease 1869 collapse. Cinchona,cocoa failed. Tea success (1867 experiments, James Taylor, 400,000 acres 1894, high altitude provinces, transport,cheap labor). Coconut native expansion (Kurunegala,Chilaw,Gampaha, 65% local owners 1880, Lunuwila research). Rubber late boom (1877 intro, early 20th century motor vehicle demand, Kalutara ? Western,Sabaragamuwa,Southern,Central, Agalawatta research).]","Traditional economy: self-sufficient villages (Aththama mutual help, Gamsabha councils, rajakariya compulsory labor). Colebrooke 1833 reforms: land sales (private investment), civil servants in estates, abolish rajakariya ? wage labor; end monopolies (cinnamon,salt); indirect taxes; savings bank. Plantations: Coffee boom (1833–1840s, demand,profit,Indian labor), 1869 leaf disease collapse. Cinchona,cocoa limited. Tea success (1867 experiments, Taylor, 400,000 acres 1894, high-altitude provinces, transport,labor). Coconut native-led (Kurunegala etc., 65% local 1880). Rubber late 19th,early 20th century (motor demand, Kalutara expansion, Agalawatta research).","From ancient Anuradhapura’s harmony—villages fed themselves, neighbors helped at harvest, Gamsabha settled disputes, rajakariya served king and lake—came a rupture. Colebrooke’s 1833 pen changed everything: lands sold freely, rajakariya chains broke, wages replaced duty. Coffee swept hills—profits soared, Indian hands picked beans—until 1869’s fungus turned green to ruin. Cinchona whispered briefly, cocoa shaded small plots. Then tea rose—James Taylor’s 1867 trials bloomed to 400,000 acres by 1894, misty slopes alive with pluckers, rails snaking to Colombo. Coconut held native roots—Kurunegala groves, Chilaw palms, 65% local owners by 1880. Rubber stirred late—motor age demand, Kalutara spread, Agalawatta labs. From village self-reliance to global cash crops, Sri Lanka’s economy transformed—plantations fed empire, wages shaped new classes, old bonds stretched and snapped.",transformative,"steam_train_whistle, gentle_wind_through_plantations, chime","steam_train_whistle: transport of tea, coffee, rubber to ports|industrial connectivity;
gentle_wind_through_plantations: natural environment|highlands, forests;
chime: economic transitions|from self-sufficiency to global trade"
5. Social Changes in Sri Lanka   under the British,Economic & Social Changes,"The foundation of Sri Lanka's traditional social, economic and cultural systems runs back to the Anuradapura era... [full text on traditional self-sufficient village economy (Aththama, Gamsabha, rajakariya); Colebrooke reforms (1833) ? land sales, abolish rajakariya ? wage labor, end monopolies, indirect taxes, savings bank; plantation crops (coffee boom,collapse, cinchona,cocoa limited, tea success, coconut native-led, rubber late boom); emergence middle class (contractors,arrack,graphite,wholesale,retail,transport,coconut, English-educated professionals); labor class (Indian estate workers, local urban laborers, unions,strikes, E.A. Gunasinghe,Ceylon Workers Congress, LSSP,Natesa Aiyar); cultural changes (Western education,missionary schools, European influence via clubs,resorts, adoption of Western dress,customs,architecture,food).]","Traditional economy: self-sufficient villages (Aththama mutual help, Gamsabha, rajakariya). Colebrooke 1833: land sales, abolish rajakariya ? wage labor; end monopolies; indirect taxes; savings bank. Plantations: Coffee boom,1840s collapse (leaf disease 1869); cinchona,cocoa limited; tea success (1867–1894 expansion); coconut native-led; rubber late 19th,early 20th. Middle class emergence: contractors,arrack,graphite,wholesale,retail,transport,coconut owners + English-educated professionals (lawyers,engineers,surveyors,clerks,civil servants). Labor class: Indian estate workers + local urban laborers; unions,strikes (printers,launderers,carters); E.A. Gunasinghe (Ceylon Workers Congress 1922–1935); LSSP,Natesa Aiyar estate unions. Cultural changes: Western education (missionary,state schools), European clubs,resorts ? adoption of Western dress,customs,architecture,food.","From Anuradhapura’s timeless villages—mutual aid at harvest, Gamsabha settling disputes, rajakariya serving king and tank—came rupture under British rule. Colebrooke’s 1833 stroke broke land chains, ended forced labor, birthed wage earners. Plantations rose: coffee clothed hills then withered (1869 disease); cinchona whispered briefly; tea triumphed—misty slopes alive with pluckers by 1894; coconut rooted native; rubber stirred late. New middle class bloomed—contractors, arrack distillers, graphite miners, traders, coconut barons, English-schooled lawyers, engineers, clerks. Laborers multiplied: Indian hands on estates, local workers in Colombo streets—printers, launderers, carters striking for rights; Gunasinghe forged Ceylon Workers Congress; LSSP voices rose. Western ways crept in—missionary classrooms, European clubs, holiday bungalows—dresses, greetings, buildings, foods blending with island ways. From village harmony to colonial cash and class, Sri Lanka’s society reshaped—new elites, new workers, new tensions, new dreams.",transformative,"bustling_market, train_whistle, protest_chant, gentle_wind, chime","bustling_market: middle class commerce|retail|wholesale;train_whistle: transport of crops|railway economy;
protest_chant: labor strikes|unions|Ceylon Workers Congress;
gentle_wind: highland environment|plantations|villages;
chime: societal transformation|colonial modernization"
5. Social Changes in Sri Lanka   under the British,Advantages of the British Reign,"When Sri Lanka was a colony of British, its political and economic activities were handled in a way that all benefits went to colonists. Thus, Sri Lanka had been exploited for 133 years by the British. During this time they earned a vast wealth from the island to take to their country and used all resources of the island for their well being. Even under such conditions, there were certain benefits that the island could enjoy. Some examples are; • Spreading of English language in the island which was an international language • Development of transport and communication • Introduction of export plantation • Good effects of industrial revolution • Parliamentary system","Despite exploitation and wealth drain during 133 years of British rule, Sri Lanka gained: 1. Spread of English (international language access). 2. Transport,communication development (roads, railways, post,telegraph). 3. Export plantation economy (coffee ? tea,rubber,coconut). 4. Indirect Industrial Revolution benefits (machinery in processing, modern methods). 5. Parliamentary system foundation (legislative councils ? later democracy).","For 133 years Britain drew riches from Ceylon—plantations bloomed for London, taxes flowed outward. Yet seeds of change took root. English crossed classrooms and offices, opening doors to global knowledge. Roads snaked through hills, rails sang from Colombo to Kandy, posts and telegrams linked villages to world. Plantations shifted—coffee to tea, rubber, coconut—shaping modern export trade. Machinery hummed in factories, echoes of Britain’s Industrial Revolution. Councils grew into parliaments, planting democracy’s first shoots. Amid extraction, these gifts endured—tools for a future nation to claim its own path.",reflective,"telegraph_beep, gentle_wind_through_plantations, distant_temple_bells, chime","telegraph_beep: colonial communication|telegraph lines|information flow;
gentle_wind_through_plantations: estate activity|tea,rubber,coconut estates;
distant_temple_bells: continuity of religion|local culture amidst change;
chime: modernization|political reform|societal transformation"
5. Social Changes in Sri Lanka   under the British,Disadvantages of the British Reign,"Though there were some advantages of being a colony of British there were many problems by the time Sri Lanka received independence after being exploited for 133 years by a foreign empire. Although some citizens became wealthy during this period the majority of the people were touching the depth of poverty when independence was won. Thus, there was a vast disparity in distribution of income and an immediate need had arisen to increase public service and welfare. Some more disadvantages of staying a colony are; • spreading of western culture and deterioration of indigenous culture • spreading of alcohol consumption • emergence of a landless social group • downfall of self sufficient economic system and losing of indigenous knowledge • destruction of useful institutions such as village councils (Gamsabha)","Despite some benefits during 133 years of British colonial rule, Sri Lanka suffered major disadvantages: 1. Income inequality (wealthy few vs. widespread poverty). 2. Need for expanded public services,welfare. 3. Spread of Western culture ? erosion of indigenous traditions. 4. Rise in alcohol consumption. 5. Creation of landless class (due to land sales,plantations). 6. Collapse of self-sufficient village economy ? loss of traditional knowledge. 7. Destruction of institutions like Gamsabha (village councils).","For 133 years, Britain’s shadow stretched long over Ceylon—wealth flowed outward, leaving scars. A tiny elite prospered while most sank into poverty, inequality carved deep. Western dress, speech, and ways crept in, quietly dimming ancient customs and languages. Alcohol took root, eroding health and families. Vast lands once shared now sold to planters—villagers became landless, roots severed. Self-sufficient villages—once alive with mutual aid, Gamsabha wisdom—faded; knowledge of seasons, seeds, and community withered. Rajakariya gone, but in its place came wage dependence and loss. When independence dawned in 1948, the island carried these burdens: fractured society, eroded heritage, urgent need for healing and rebuilding.",somber,"distant_rain_on_tin_roof, temple_bells, gentle_wind_through_empty_fields, soft_sigh_of_crowd, chime","distant_rain_on_tin_roof: hardship|poor living conditions|monsoon struggles;
temple_bells: decline of traditional institutions|religious, social erosion;
gentle_wind_through_empty_fields: abandoned villages|landless laborers;
soft_sigh_of_crowd: public suffering|resentment|social inequality;
chime: memory of lost heritage|echo of disrupted traditions"
6. Receiving of Independence to Sri Lanka,Soulbury Reforms and Independence,"The members of the Soulbury Commission that was appointed to investigate into Sri Lanka’s constitutional reforms and give proposals came to Sri Lanka in December 1944... [full text on Soulbury Commission 1944 ? 1945 report (parliamentary system); State Council approval Nov 1945; 1947 election (UNP majority, D.S. Senanayake PM); Defence,External Affairs agreements 1947; Independence Act passed; royal order Dec 19 1947; independence Feb 4 1948; flag ceremony Feb 10 1948. Soulbury Constitution: Governor General (nominal, queen’s rep), Parliament (Senate + House of Representatives), Cabinet,PM, Judiciary. Political parties: LSSP (1935, leftist), UNP (1946, D.S. Senanayake), SLFP (1951, S.W.R.D. Bandaranaike). 1956 MEP victory (Sinhala Only, social revolution). 1972 Republican Constitution (Sri Lanka name, unitary republic, fundamental rights, President nominal, National State Council, PM,cabinet). 1978 Constitution (Democratic Socialist Republic, unitary, executive presidency, parliament 225 members, proportionate representation, referendum, fundamental rights).]","Soulbury Commission (1944) ? 1945 report (parliamentary system); State Council approved Nov 1945. 1947 election: UNP won, D.S. Senanayake PM. Defence,External Affairs pacts 1947. Independence Feb 4 1948 (flag Feb 10). Soulbury Constitution: Governor General (nominal), Parliament (Senate + House), Cabinet,PM, Judiciary. Parties: LSSP (1935 leftist), UNP (1946), SLFP (1951). 1956 MEP victory (Sinhala Only, social changes). 1972 Constitution: Republic, unitary, rights, President nominal, National State Council. 1978 Constitution: Executive presidency (J.R. Jayewardene), 225-member parliament (proportionate), referendum, rights.","Late 1944, Soulbury’s commissioners landed—listening, drafting. 1945 report promised parliamentary dawn. State Council nodded November 1945. 1947 elections: UNP triumphed, D.S. Senanayake steered. Pacts signed—defence, external affairs—yet freedom neared. February 4, 1948: Lion flag rose, Union Jack lowered. Soulbury framed it: Governor General for queen, bicameral parliament, cabinet power, courts independent. Parties bloomed—LSSP radical, UNP steady, SLFP 1951 called masses. 1956 swept Bandaranaike—Sinhala Only, social tide. 1972 birthed republic—Sri Lanka named, rights enshrined, president ceremonial. 1978 crowned executive president—J.R. Jayewardene led, 225 seats, proportionate votes, referendum voice. From commission to crownless isle, step by step, Sri Lanka claimed her destiny.",triumphant,"flag_raising_ceremony, crowd_cheering, conch_shell_blow, gentle_wind, temple_bells, chime","flag_raising_ceremony: independence|national pride|new era;
crowd_cheering: public jubilation|freedom celebration;
conch_shell_blow: traditional ceremonial announcement|historic milestone;
gentle_wind: calm reflection|hope for future;
temple_bells: continuity of culture|spiritual grounding;
chime: solemn recognition of constitutional progress|nation-building"
6. Receiving of Independence to Sri Lanka,Development after Independence,"After the independence in 1948 politicians of this country had the responsibility of handling the economy of the country that had been used for the benefit of the British colonists for the betterment of the people... [full text on post-1948 agricultural development (paddy: State Council efforts, D.S. Senanayake settlements, Gal Oya multi-purpose, Mahaweli project objectives,stages,fast-track 1977–1979, reservoirs,dams,canals); other paddy steps (guaranteed price, research,BG,BG varieties, Govijana Sewa Centres, bank loans); commercial crops (tea,rubber,coconut continuation, land reforms 1972,1975, state institutions, minor exports research); industrialization (no pre-independence focus, WWII import substitution, 1952 World Bank, 1955 white paper, Ekala,Ratmalana zones 1959,1960, People’s Bank 1961, Standards Bureau 1966, import substitution 1970–1977, export-oriented post-1977 (GCEC 1978, Katunayake,Biyagama,Koggala zones), mega industries (cement,steel,sugar,plywood); education (free policy from Kannangara, post-1948: school expansion, curriculum,teacher training, labs,libraries, free books,meals,uniforms,transport, professional,higher education (Ceylon Univ 1942 ? Peradeniya 1952, Vidyodaya,Vidyalankara ? universities 1978,1979, Moratuwa,Katubedda 1972, Jaffna 1974).]","Post-1948 agricultural focus: Paddy development (D.S. Senanayake settlements, Gal Oya multi-purpose, Mahaweli project 1970s fast-track, reservoirs,dams,canals, guaranteed price, research,new varieties, Govijana Centres, loans). Commercial crops: tea,rubber,coconut continuation, land reforms 1972,1975, minor exports research. Industrialization: WWII import substitution, 1952 World Bank, 1955 white paper, Ekala,Ratmalana zones, People’s Bank 1961, Standards Bureau 1966, import substitution 1970–1977, export-oriented post-1977 (GCEC,Katunayake etc.), mega industries. Education: Free policy (Kannangara), school expansion, curriculum,training, free books,meals,uniforms,transport, higher education (Peradeniya, Vidyodaya,Vidyalankara, Moratuwa, Jaffna).","1948: independence dawned, responsibility shifted—British plantations fed empire, now they must feed a nation. D.S. Senanayake turned dry zone dreams real: settlements rose, Gal Oya flowed multi-purpose, Mahaweli roared—dams, reservoirs, canals fast-tracked under Gamini Dissanayake, powering lights and fields. Paddy prices guaranteed, new seeds bred, Govijana Centres guided, loans flowed—rice self-sufficiency reclaimed. Tea, rubber, coconut endured; land reformed, minor exports researched. Factories hummed—Ekala,Ratmalana zones, People’s Bank, Standards Bureau, import substitution 1970s, export surge post-1977 Katunayake,Biyagama,Koggala. Schools multiplied, Kannangara’s free education gift—books, meals, uniforms, transport, universities bloomed (Peradeniya, Jayewardenepura, Kelaniya, Moratuwa, Jaffna). From colonial cash crops to national renewal—agriculture fed, industry rose, education opened doors—Sri Lanka rebuilt itself, step by determined step.",hopeful,"flowing_water, train_whistle, school_children_laughing, gentle_wind, temple_bells, chime","flowing_water: irrigation|Mahaweli|Gal Oya|agriculture;
train_whistle: transport|industrial growth|connection to markets;
school_children_laughing: education expansion|social progress|free schools;
gentle_wind: rural calm|paddy cultivation|sustainable life;
temple_bells: cultural continuity|spiritual grounding;
chime: achievements|national progress|modernization"
6. Receiving of Independence to Sri Lanka,Social Welfare,"Even the very poor people received a political value because Sri Lanka got the universal franchise in 1931... [full text on universal franchise 1931 giving political value to poor ? politicians focused on public needs; post-1948 social justice,inequality solutions: rural education, merit-based jobs, constitutional rights,freedom,sovereignty, agriculture,fisheries support. Health: rural hospitals, midwifery,maternity,paediatric, immunization, clinics, indigenous medicine ? decline in influenza,filariasis,malaria,TB,polio. Transport,communication: rural roads extended city benefits (water,electricity). Food concessions (rice ‘Hal Potha’ coupon book ? 1977 stamps) due to WWII,import issues,poverty,land scarcity. Housing: urban flats,complexes, rural aid,projects.]","Universal franchise (1931) empowered poor ? politicians addressed needs. Post-1948 welfare: rural education, merit jobs, rights in constitution, agriculture,fisheries loans,subsidies. Health: rural hospitals, midwifery,paediatric, immunization,clinics, indigenous medicine ? major disease decline. Transport: rural roads brought water,electricity. Food: rice concessions (‘Hal Potha’ coupons ? 1977 stamps). Housing: urban flats, rural aid.","1931: universal franchise gave even the poorest a vote—and a voice. Politicians could no longer ignore villages. After 1948 independence, governments turned to heal colonial wounds. Rural schools rose, jobs awarded by merit, not birth. Constitution enshrined freedom, sovereignty, rights. Loans flowed to farmers and fishermen. Health reached remote hamlets—hospitals, midwives, vaccines, clinics, ayurveda—malaria, TB, polio faded. Roads linked villages to cities, bringing water, lights, phones. Rice coupons (‘Hal Potha’) fed families through scarcity; stamps replaced them in 1977. Urban flats, rural house aid—shelter for the shelterless. From colonial neglect to national care, Sri Lanka built welfare for all—step by step, life improved.",hopeful,"gentle_wind, temple_bells, chime","gentle_wind: peaceful rural life|community|nature harmony;
temple_bells: cultural continuity|spiritual grounding;
chime: national progress|welfare achievements"
7. Significant Revolutions in the World,Independence Struggle in America,"The struggle that was staged in order to obtain independence from the British empire by the American state citizens is called as the American independence struggle... [full text on discovery (Columbus 1492, Vespucci, name 'America'), colonization (Portugal,Spain south, Britain,France north, 13 British colonies 1607–1733 Virginia–Georgia), self-governance (distant, flexible policy till 1763), security threats (French,Red Indians) ended post-Seven Years' War 1756–1763, post-1763 taxes (Sugar Act 1764, Currency Act, Stamp Act 1765, Townshend duties 1767, tea tax 1773), protests (“no taxation without representation”), Boston Tea Party 1773, Intolerable Acts, First Continental Congress 1774, Lexington 1775, Second Congress 1775 (Washington commander), Declaration of Independence July 4 1776, war 1775–1783 (French,Spanish,Dutch aid), Paris Peace 1783, 1789 Constitution, Washington first president; results: USA birth, example to colonies, human rights enthusiasm, first written constitution.]","Discovery (Columbus 1492, Vespucci ? 'America'); colonization (13 British colonies 1607–1733); self-governance till 1763; post-Seven Years' War taxes (Sugar,Stamp,Townshend,Tea Acts) ? “no taxation without representation”; Boston Tea Party 1773; First Continental Congress 1774; Lexington 1775; Declaration July 4 1776; war with French aid; Paris Peace 1783; 1789 Constitution. Results: USA formed, colonial independence example, human rights inspiration, first written constitution.","1492: Columbus touched Bahamas—mistook for India, called natives “Indians.” Vespucci mapped vast land—named “America.” Europe raced in—Spain,Portugal south, Britain,France north. 1607 Virginia began 13 British colonies, ending Georgia 1733. Distance bred self-rule—flexible till 1763. Seven Years' War crushed France, Red Indian threat faded. Then taxes rained: Sugar, Currency, Stamp, Townshend, Tea. “No taxation without representation!” Boston Harbor swallowed 342 chests 1773. Intolerable Acts followed. Lexington 1775 shots rang. Congresses united—Washington led army, July 4 1776 declared independence. France,Spain,Dutch joined. 1783 Paris Peace sealed victory. 1789 Constitution framed new nation. Washington first president. A revolution birthed USA—example to colonies, spark for rights, first written charter of liberty.",triumphant,"musket_fire, crowd_cheering, distant_cannon, gentle_wind, chime","musket_fire: battles|Lexington_Concord|armed_conflict;
crowd_cheering: Declaration_of_Independence|public_support|victory;distant_cannon: war|sieges|French_aid;
gentle_wind: colonial_landscape|movement_of_people|change;
chime: independence|freedom|new_nation"
7. Significant Revolutions in the World,French Revolution,"The uprising of the French people against the monarchy of France in 1789 and the establishment of a new ruling system is called the ‘French revolution’... [full text on France’s 18th-century glory (trade,industry,intellectuals) vs. weak Bourbon monarchy (Louis XVI); political (absolute power, Bastille symbol, luxurious Versailles, distant king,Marie Antoinette, corrupt administration,intendants); social (feudal three estates: clergy,aristocrats privileged, middle class educated but powerless, peasants 92% burdened); economic (bankruptcy from wars,luxury, unfair taxes: Taille,Gabelle,Capitation, regional disparities); philosophical (Montesquieu separation of powers, Voltaire free speech,church criticism, Rousseau social contract,sovereignty); events (States General 1789 crisis, Third Estate National Assembly, Tennis Court Oath, Bastille July 14 1789, king,queen executed); results (human rights focus 1791 declaration: equality,freedom,brotherhood, monarchy fall, farmer,laborer relief, political instability ? Napoleon 1799).]","French Revolution (1789): uprising vs. Bourbon monarchy (Louis XVI). Political: absolute power, Bastille symbol, luxury,distance. Social: three estates (clergy,aristocrats privileged, middle class powerless, peasants burdened). Economic: bankruptcy (wars,luxury), unfair taxes. Philosophical: Montesquieu,Voltaire,Rousseau ideas. Events: States General crisis, Tennis Court Oath, Bastille storming, executions. Results: 1791 rights declaration (equality,freedom,brotherhood), monarchy end, farmer relief, instability ? Napoleon.","Late 18th-century France glittered—trade, intellect, power—yet rotted beneath. Louis XVI and Marie Antoinette reigned in Versailles splendor, blind to starving peasants and furious middle class. Clergy and nobles paid no taxes; peasants bore Taille, Gabelle, Capitation. Bankruptcy loomed from wars and extravagance. Enlightenment voices—Montesquieu’s balanced powers, Voltaire’s free speech, Rousseau’s sovereignty—fueled rage. 1789: States General summoned after 175 years. Third Estate declared National Assembly, swore Tennis Court Oath. July 14: Bastille fell—symbol shattered. King executed, republic rose. 1791 declared rights: all born free,equal, liberty, fraternity. Monarchy crumbled, peasants breathed freer, yet chaos followed—leading to Napoleon’s rise. A revolution shook the world: rights echoed globally, equality inspired, tyranny warned.",defiant,"crowd_cheering_revolution, cannon_fire, guillotine_drop, triumphant_horns, gentle_wind, chime","crowd_cheering_revolution: public_uprising|Bastille|streets|revolt;
cannon_fire: revolutionary_warfare|sieges|conflict;
guillotine_drop: executions|justice|terror;
triumphant_horns: victory|rights|liberty;
gentle_wind: French_landscape|change|hope;
chime: equality|freedom|brotherhood"
7. Significant Revolutions in the World,Russian Revolution,"Russia was an empire which covered almost one sixth of the world land by the 20th century... [full text on Russian Empire vastness, Tsarist dictatorship aided by church,army,police; feudal system oppressed peasants,workers; WWI suffering (peace,land,food theme); March 1917 Revolution (textile strike ? general strike ? soldiers join, Tsar abdicates, Kerensky provisional government fails); October 1917 Bolshevik Revolution (Lenin,Trotsky, Soviets, armed takeover of key centers, themes peace,land,food); results: Bolshevik,Communist government, end WWI (peace), land to peasants (communal farms), factories,banks,transport nationalized, USSR formed; socialist philosophy spread (common ownership, equality, no class society); global impact (capitalist vs. socialist camps, non-aligned countries like Sri Lanka).]","Russian Empire (vast, Tsarist dictatorship,church,army support); feudal oppression (peasants,workers); WWI hardship ? March 1917 (strike ? Tsar abdication, Kerensky provisional gov’t fails); October 1917 Bolshevik Revolution (Lenin,Trotsky, Soviets seize power, peace,land,food); results: Communist rule, WWI exit, land redistribution (communal), nationalization (factories,banks,transport), USSR; socialist ideas spread (equality,common ownership); global divide (capitalist vs. socialist, non-aligned e.g. Sri Lanka).","By 1917, Russia groaned under Tsar’s iron fist—vast empire, church blessing tyranny, peasants chained to feudal lords, workers crushed in factories. World War I bled the nation dry—hunger, defeat, despair. March: textile strike in Petrograd exploded into general uprising; soldiers turned guns on masters; Tsar fell. Kerensky’s provisional government stumbled—war continued, land ignored, food scarce. October: Lenin’s Bolsheviks struck—Soviets seized bridges, stations, arsenals. “Peace, land, bread!” echoed streets. Tsar gone, war ended, land to peasants (communal farms), factories to workers, banks,transport nationalized. USSR rose from ashes. Socialist flame spread—equality, no classes, common good. Capitalist West faced East; non-aligned nations (Sri Lanka among them) chose neither. A revolution remade world order—power to the people, hope to the oppressed.",defiant,"distant_cannon, triumphant_horns, gentle_wind, chime","distant_cannon: WWI|conflict|sieges;
triumphant_horns: Bolshevik_victory|Soviet_power|ideals;
gentle_wind: Russian_landscape|change|hope;
chime: equality|socialism|communal_ownership"
8.  World Wars and Conventions,World War 1,"The war that spread throughout the world between 1914 and 1918 is named as World War I... [full text on WWI (1914–1918 global spread); causes: Franco-German enmity (1870 unification,war, Alsace-Lorraine); William II’s aggressive policy,armament; colonial competition; nationalism,racism; alliances (Central: Germany,Austria,Italy; Allied: Britain,France,Russia); Sarajevo assassination 1914 (Franz Ferdinand); war spread (Austria vs. Serbia ? Russia,Germany,France,Belgium,Britain); U.S. entry (Lusitania 1915); Central defeat; results: Allied victory, Versailles Treaty (Germany punished: compensation, armament limits, Alsace-Lorraine to France, colonies divided), monarchy falls (Germany,Austria-Hungary,Turkey), new nations (Finland,Poland,Czechoslovakia), economic ruin, League of Nations.]","WWI (1914–1918): global war from European spark. Causes: Franco-German rivalry (1870 war,Alsace-Lorraine), William II’s aggression,armament race, colonial competition, nationalism, alliances (Central: Germany,Austria,Italy; Allied: Britain,France,Russia), Sarajevo assassination (Franz Ferdinand 1914). Spread: Austria vs. Serbia ? Russia,Germany,France,Belgium,Britain. U.S. entry (Lusitania). Central defeat. Results: Versailles Treaty (Germany punished: reparations, disarmament, territory loss, colonies divided), monarchies fall, new nations emerge, economic devastation, League of Nations formed.","Summer 1914: Sarajevo shots rang—Archduke Franz Ferdinand fell. Alliances ignited: Austria crushed Serbia, Russia mobilized, Germany invaded Belgium, Britain declared war. Trenches scarred Europe—millions died in mud and gas. William II’s ambition, colonial greed, nationalist fire fueled the blaze. U.S. joined after Lusitania sank. 1918: Central powers crumbled. Versailles 1919: Germany bled reparations, lost land,armies, colonies carved. Empires shattered—Germany, Austria-Hungary, Ottoman. New nations rose: Poland, Czechoslovakia, Finland. League of Nations born to guard peace. Yet seeds of future war sown in humiliation. A world war scarred humanity—hope flickered in ashes.",somber,"gentle_wind, chime","gentle_wind: desolation|aftermath|hope_flickers;
chime: remembrance|peace|postwar_reconstruction;"
8.  World Wars and Conventions,League of Nations Union,"The necessity of establishing an international organization to avoid such wars and maintain peace and security in the world was highlighted in the peace talks held in Paris in 1919... [full text on League of Nations (Jan 10 1920, 42 founding members, Woodrow Wilson pioneer); objectives (peaceful conflict resolution, prevent wars, international harmony, protect small nations’ sovereignty,freedom, collective security); successes (prevented Sweden-Finland, Germany-Poland, Greece-Bulgaria, Iran-Turkey wars; refugee rehabilitation; mandate supervision; anti-slavery,drugs); failures (U.S. non-membership, no enforcement power,military, disunity among powers, ignored Germany exit, ineffective vs. Italy Abyssinia,Japan Manchuria, led to WWII).]","League of Nations (1920, 42 members, Wilson initiative): objectives—peaceful dispute resolution, prevent wars, harmony, small nation protection. Successes: averted several wars (Sweden-Finland etc.), refugee aid, mandate oversight, anti-slavery,drugs. Failures: U.S. absence, Russia exclusion, no military,enforcement, member disunity, ignored aggressions (Japan Manchuria 1931, Italy Abyssinia 1935), failed to stop WWII.","1919 Paris: war’s ashes still warm, Woodrow Wilson dreamed aloud—an organization to bind nations, silence guns forever. January 1920: League of Nations born, 42 members pledged peace. Disputes settled by talk—Sweden-Finland, Greece-Bulgaria, others cooled. Refugees found homes, mandates watched, slavery,drugs fought. Yet shadows grew: America stayed away, Russia barred, powers quarreled. Japan seized Manchuria—silence. Italy marched on Abyssinia—sanctions faltered. Germany walked out, rearmed. No army, no teeth—League crumbled. 1939: another world war erupted. A noble vision, fragile in execution—hope flickered, then failed, teaching humanity the cost of division.",reflective,"solemn_wind, distant_crowd_murmur, ticking_clock, soft_bell","solemn_wind: diplomacy|conference_halls|weight_of_decisions;
distant_crowd_murmur: public_expectation|international_attention;
ticking_clock: urgency|deliberations|time_running_out;
fading_hopeful_chime: aspirations|peace_attempts|idealism;
soft_bell: remembrance|lessons|postwar reflection"
8.  World Wars and Conventions,World War 2,"We learned above that World War I ended by 1918 A.D. Another world war began to rise within two decades after World War I... [full text on WWII (1939–1945); causes: Hitler’s rise (Weimar failure, inflation, 1929 depression, Mein Kampf, 1933 Chancellor ? dictatorship, Gestapo,SS, media abuse, ignored by West); Mussolini (Fascism 1922, economic failure, Abyssinia 1936); Japan (Manchuria 1931, League exit, China invasion); League weaknesses (U.S. absence, no enforcement, disunity, failed vs. Japan,Italy); participants (Allied: Britain,France,U.S.,USSR; Axis: Germany,Italy,Japan 1937); expansion (Hitler Poland 1939 ? Britain,France war, Denmark,Norway,Holland,Belgium,France 1940, Italy joins, Battle of Britain fail, Russia invasion 1941 disaster, Pearl Harbor 1941 ? U.S. entry); end (Germany surrender May 1945, Japan atomic bombs Hiroshima,Nagasaki Aug 1945); results: Axis defeat, 50M+ deaths, Holocaust, atomic horror, France,Britain decline, colonies independence, U.S.,USSR superpowers, Cold War (capitalist vs. socialist camps), Non-Aligned Movement 1961 (Nehru,Tito,Nasser).]","WWII (1939–1945): causes—Hitler (dictatorship, aggression, ignored by West), Mussolini (Fascism, Abyssinia), Japan (Manchuria,China), League failure. Participants: Allied (Britain,France,U.S.,USSR) vs. Axis (Germany,Italy,Japan). Expansion: Poland 1939, Europe fall 1940, Russia 1941, Pearl Harbor 1941 U.S. entry. End: Germany May 1945, Japan Aug 1945 (atomic bombs). Results: Axis defeat, massive deaths,Holocaust,atomic horror, colonial independence wave, U.S.,USSR rise, Cold War, Non-Aligned Movement 1961.","1919 Versailles scars barely healed—Germany humiliated, economy crushed. Weimar faltered; Hitler rose 1933—dictator, Gestapo terror, Jews hunted, Mein Kampf preached hate. Mussolini seized Italy 1922—Fascist blackshirts crushed dissent. Japan grabbed Manchuria 1931, League powerless. Alliances hardened—Axis (Berlin-Rome-Tokyo) vs. Allied. Sept 1 1939: Poland invaded—Britain,France declared war. Blitzkrieg swallowed Europe—Denmark, Norway, Low Countries, France 1940. Britain stood alone—Battle of Britain skies burned. Hitler turned east—Russia 1941, winter and scorched earth bled Wehrmacht. Dec 7 1941: Pearl Harbor—U.S. awoke. Axis overreached. 1945: Berlin fell, Hitler dead; Hiroshima,Nagasaki atomic fire ended Japan. 50 million gone, Holocaust horror, empires crumbled—India, Ceylon, Africa free. U.S.,USSR superpowers, Cold War divide, Non-Aligned birth. A war’s end—humanity scarred, yet lessons carved for peace.",somber,"distant_air_raid_siren, exploding_bombs, gentle_wind, chime","distant_air_raid_siren: impending_danger|civilian_alert|war_foreboding;
exploding_bombs: conflict|battlefield|destruction;
gentle_wind: aftermath|devastation|reflection;
chime: remembrance|lessons|hope_for_peace"
8.  World Wars and Conventions,United Nations Organization,"While World War II was going on, the British Prime Minister, Winston Churchill and the USA President, Franklin Roosevelt signed the Atlantic convention in August 1941... [full text on Atlantic Charter 1941 ? United Nations name Jan 1942 (26 nations); Moscow,Teheran discussions 1943; San Francisco Conference June 1945 (50 nations + Poland = 51 founders); official start Oct 24 1945 (UN Day); objectives (peace,security, friendship, human rights,independence); structure (6 organs: General Assembly, Security Council, Economic,Social Council, Trusteeship Council (inactive post-1994), ICJ, Secretariat); General Assembly (193 members, annual Sept session, equal vote, discuss peace,recommendations, budget, appoint Secretary-General,ICJ judges,admit members); Security Council (15 members: 5 permanent veto power—U.S.,Russia,U.K.,France,China, 10 non-permanent 2 years, binding decisions, peaceful settlement,economic sanctions,military action); ECOSOC (54 members 3 years, economic,cultural,education,health, affiliates ILO,FAO,UNESCO,IMF,WHO,UNICEF); Trusteeship Council (11 territories, all independent by 1994, inactive); ICJ (Hague, judges from member highest courts,international law experts, advisory opinions,settle disputes); Secretariat (New York, Secretary-General 5 years, brings threats to Security Council); UN peace efforts (Atomic Energy Commission, prevented wars (Sweden-Finland etc.), refugee aid, mandate supervision, anti-slavery,drugs); Security Council steps (mediate conflicts, economic sanctions, peacekeeping forces).]","UN origins: Atlantic Charter 1941 ? UN name Jan 1942 (26 nations); San Francisco June 1945 (50+Poland=51); Oct 24 1945 start. Objectives: peace,security, friendship, human rights,independence. Organs: General Assembly (193 members, equal vote, recommendations,budget,appointments); Security Council (15: 5 permanent veto, 10 non-permanent, binding decisions,sanctions,peacekeeping); ECOSOC (economic,social,affiliates); Trusteeship (inactive); ICJ (Hague, disputes,advice); Secretariat (NY, Secretary-General). Efforts: Atomic Commission, prevented wars, refugees, mandates, anti-slavery,drugs; Security Council mediation,sanctions,peacekeeping.","1941: Atlantic Charter—Churchill,Roosevelt vowed peace, self-determination. 1942: 26 nations united against Axis—name “United Nations” born. San Francisco 1945: 50 nations (plus Poland) signed Charter. Oct 24: UN official. General Assembly equal voices; Security Council 5 veto powers guard peace; ECOSOC uplifts economy,health; ICJ settles disputes; Secretariat coordinates. Atomic threat tamed early; wars averted (Sweden-Finland, Greece-Bulgaria); refugees sheltered; mandates supervised; slavery,drugs fought. Peacekeeping forces blue helmets—mediate, sanction, protect. From WWII ashes, UN rose—imperfect yet enduring hope for humanity’s better tomorrow.",hopeful,"gentle_wind, soft_bell, chime","gentle_wind: hope|new_beginning|global_cooperation;
soft_bell: reflection|peace_moment|ceremony;
chime: aspiration|future_peace|global_harmony"
